	total_counts	size_factors
MomD9_23	48940723	1.03591904923852
MomD9_24	44088465	1.01904235611235
MomD9_25	41605476	0.956896443522688
MomD9_26	46309240	1.07896994602325
MomD9_32	39804120	0.871365688868724
MomD9_33	34358836	0.814204553224335
MomD9_34	50501121	1.15244508012447
MomD9_36	49280796	1.12234779904528
MomD9_37	53108985	1.16959505202357
MomD9_38	39820554	0.896981496459647
